patch_id,label,center_lon,center_lat,county_geoid,positive_pixels,area_m2,mean_confidence,max_confidence,bbox_width_m,bbox_height_m,voltage,substation_type,substation_name,operator,osm_id,geom_source,source,split
patch_0333767_1120845,positive,-112.08479612969754,33.37671114204767,4013,46253,16651.08000000126,0.9375520348548889,1.0,121.80000000000462,169.80000000000643,,detected,,,-1,model,local_inference,prediction
patch_0333685_1120745,positive,-112.07431804606547,33.367786679109756,4013,2124,764.640000000058,0.6577998995780945,0.7939453125,33.60000000000127,36.60000000000139,,detected,,,-1,model,local_inference,prediction
patch_0333629_1120777,positive,-112.07838104228192,33.36359810286121,4013,1058,380.8800000000289,0.5582873225212097,0.59912109375,31.200000000001182,28.80000000000109,,detected,,,-1,model,local_inference,prediction
patch_0333683_1120284,positive,-112.02741527304038,33.36834878657075,4013,1712,616.3200000000467,0.6307273507118225,0.8935546875,27.000000000001023,37.80000000000143,,detected,,,-1,model,local_inference,prediction
patch_0333658_1121320,positive,-112.13212094450968,33.36537083129188,4013,3038,1093.6800000000828,0.6266980767250061,0.91259765625,43.80000000000166,51.00000000000193,,detected,,,-1,model,local_inference,prediction
patch_0333630_1121287,positive,-112.12891961489119,33.36367371999828,4013,19690,7088.400000000537,0.974078893661499,1.0,88.20000000000334,84.6000000000032,,detected,,,-1,model,local_inference,prediction
patch_0333547_1121253,positive,-112.12500239021628,33.35494535902644,4013,1526,549.3600000000416,0.6236106753349304,0.78369140625,36.60000000000139,25.200000000000955,,detected,,,-1,model,local_inference,prediction
patch_0333518_1121484,positive,-112.14730839215044,33.35184338709343,4013,1634,588.2400000000446,0.6558403372764587,0.93359375,38.400000000001455,48.60000000000184,,detected,,,-1,model,local_inference,prediction
patch_0334363_1120943,positive,-112.09534033677312,33.435195112539645,4013,1807,650.5200000000493,0.665850818157196,0.76953125,29.400000000001114,34.200000000001296,,detected,,,-1,model,local_inference,prediction
patch_0334366_1120613,positive,-112.06232675244355,33.437598203315275,4013,1763,634.6800000000482,0.7499332427978516,0.9453125,28.80000000000109,25.800000000000978,,detected,,,-1,model,local_inference,prediction
patch_0334333_1121174,positive,-112.11770315829881,33.432828290735564,4013,10881,3917.1600000002973,0.9672708511352539,1.0,64.80000000000246,64.80000000000246,,detected,,,-1,model,local_inference,prediction
patch_0334250_1121239,positive,-112.12461064830015,33.423945194640474,4013,3682,1325.5200000001003,0.605009913444519,0.7578125,40.800000000001546,52.800000000002,,detected,,,-1,model,local_inference,prediction
patch_0334251_1121074,positive,-112.10836326861455,33.425658065545015,4013,3979,1432.4400000001087,0.5854212641716003,0.6083984375,30.000000000001137,55.800000000002115,,detected,,,-1,model,local_inference,prediction
patch_0334255_1120644,positive,-112.06368750657211,33.42613043266692,4013,4562,1642.3200000001243,0.716375470161438,0.8056640625,54.60000000000207,39.00000000000148,,detected,,,-1,model,local_inference,prediction
patch_0334196_1121040,positive,-112.10314486345708,33.42024713133793,4013,857,308.5200000000234,0.5491329431533813,0.5830078125,14.400000000000546,32.40000000000123,,detected,,,-1,model,local_inference,prediction
patch_0334196_1121007,positive,-112.10051031499641,33.41858215673511,4013,4353,1567.0800000001186,0.5788885354995728,0.6826171875,85.20000000000323,27.600000000001046,,detected,,,-1,model,local_inference,prediction
patch_0334169_1121007,positive,-112.10145952958258,33.416842062207316,4013,634,228.2400000000173,0.5456065535545349,0.5791015625,19.80000000000075,18.000000000000682,,detected,,,-1,model,local_inference,prediction
patch_0334141_1121039,positive,-112.10412154424128,33.41456181456048,4013,1080,388.80000000002946,0.5484166741371155,0.6650390625,27.000000000001023,25.200000000000955,,detected,,,-1,model,local_inference,prediction
patch_0334143_1120775,positive,-112.0782250126383,33.413393446556356,4013,9826,3537.360000000268,0.6785451769828796,0.9111328125,66.60000000000252,100.80000000000382,,detected,,,-1,model,local_inference,prediction
patch_0334113_1121006,positive,-112.10197255181328,33.411734490374705,4013,5010,1803.6000000001366,0.6402736306190491,0.90478515625,52.800000000002,70.80000000000268,,detected,,,-1,model,local_inference,prediction
patch_0334115_1120775,positive,-112.0768343186709,33.412336757474456,4013,3232,1163.5200000000882,0.5965256094932556,0.7529296875,55.20000000000209,37.80000000000143,,detected,,,-1,model,local_inference,prediction
patch_0334085_1121105,positive,-112.11041539515031,33.408666663824114,4013,2235,804.6000000000611,0.669156551361084,0.8857421875,37.80000000000143,50.40000000000191,,detected,,,-1,model,local_inference,prediction
patch_0334085_1121072,positive,-112.10651183651565,33.40867448473944,4013,710,255.60000000001938,0.5561248064041138,0.6533203125,23.400000000000887,26.400000000001,,detected,,,-1,model,local_inference,prediction
patch_0334086_1121006,positive,-112.09908641967331,33.407490440643684,4013,1102,396.72000000003004,0.5629603862762451,0.6767578125,27.600000000001046,22.800000000000864,,detected,,,-1,model,local_inference,prediction
patch_0334058_1120972,positive,-112.096354040963,33.405961522714954,4013,968,348.4800000000264,0.6425650119781494,0.8837890625,24.600000000000932,26.400000000001,,detected,,,-1,model,local_inference,prediction
patch_0334030_1121005,positive,-112.10014435106237,33.40286507288656,4013,978,352.0800000000267,0.6568860411643982,0.80859375,24.00000000000091,24.00000000000091,,detected,,,-1,model,local_inference,prediction
patch_0333948_1120905,positive,-112.0901825515611,33.39562855377404,4013,1828,658.0800000000498,0.5493110418319702,0.6181640625,28.80000000000109,35.40000000000134,,detected,,,-1,model,local_inference,prediction
patch_0333917_1121235,positive,-112.12438599159697,33.3927420602995,4013,17327,6237.720000000472,0.9727885723114014,1.0,81.00000000000307,79.80000000000302,,detected,,,-1,model,local_inference,prediction
patch_0333922_1120673,positive,-112.06775279201194,33.392603743219226,4013,1494,537.8400000000407,0.5820217728614807,0.62890625,26.400000000001,24.600000000000932,,detected,,,-1,model,local_inference,prediction
patch_0333835_1121168,positive,-112.11707038451945,33.383411097760415,4013,4998,1799.2800000001364,0.7447400093078613,0.9052734375,54.000000000002046,44.40000000000168,,detected,,,-1,model,local_inference,prediction
patch_0334389_1120582,positive,-112.05740683836301,33.4387983098272,4013,16821,6055.560000000459,0.6100847125053406,0.78466796875,145.80000000000553,76.80000000000291,,detected,,,-1,model,local_inference,prediction
patch_0334389_1120483,positive,-112.04915159564672,33.43854644529345,4013,5965,2147.400000000163,0.8053544759750366,0.94677734375,48.00000000000182,49.80000000000189,,detected,,,-1,model,local_inference,prediction
patch_0334334_1120450,positive,-112.0441449504007,33.43279570135571,4013,4742,1707.1200000001295,0.6015023589134216,0.73876953125,88.80000000000337,61.20000000000232,,detected,,,-1,model,local_inference,prediction
patch_0334336_1120251,positive,-112.02563113349879,33.43471434590314,4013,765,275.4000000000209,0.5403996706008911,0.5869140625,28.80000000000109,18.000000000000682,,detected,,,-1,model,local_inference,prediction
patch_0334253_1120184,positive,-112.01813206556665,33.425944548853266,4013,15134,5448.240000000413,0.5830968618392944,0.75439453125,66.0000000000025,147.6000000000056,,detected,,,-1,model,local_inference,prediction
patch_0334226_1120184,positive,-112.01780783491495,33.42277064838838,4013,3097,1114.9200000000844,0.6721364259719849,0.9287109375,49.80000000000189,32.40000000000123,,detected,,,-1,model,local_inference,prediction
patch_0334144_1120051,positive,-112.00608289942899,33.41418350417661,4013,9575,3447.000000000261,0.9360616207122803,1.0,68.40000000000259,59.40000000000225,,detected,,,-1,model,local_inference,prediction
patch_0334087_1120215,positive,-112.02044818650545,33.40933107993443,4013,15610,5619.600000000426,0.7504307627677917,0.90234375,93.60000000000355,69.00000000000261,,detected,,,-1,model,local_inference,prediction
patch_0334057_1120512,positive,-112.04992007395562,33.405340393374104,4013,11742,4227.120000000321,0.8025029897689819,0.98828125,61.20000000000232,73.8000000000028,,detected,,,-1,model,local_inference,prediction
patch_0333948_1120214,positive,-112.02204869488939,33.39447947558705,4013,1034,372.2400000000282,0.6420935988426208,0.7841796875,27.600000000001046,21.000000000000796,,detected,,,-1,model,local_inference,prediction
patch_0333920_1120279,positive,-112.02701563980948,33.391686698074835,4013,771,277.56000000002103,0.5566520094871521,0.69775390625,24.00000000000091,31.200000000001182,,detected,,,-1,model,local_inference,prediction
patch_0333865_1120279,positive,-112.02755767028576,33.386489836189355,4013,7831,2819.1600000002136,0.6348594427108765,0.9248046875,58.200000000002206,91.80000000000348,,detected,,,-1,model,local_inference,prediction
patch_0333808_1120476,positive,-112.04677573656296,33.380138428288156,4013,3183,1145.880000000087,0.8717994093894958,0.9912109375,33.00000000000125,40.20000000000152,,detected,,,-1,model,local_inference,prediction
patch_0333808_1120443,positive,-112.0453171313629,33.380337419714806,4013,14629,5266.440000000399,0.9399513602256775,1.0,68.40000000000259,85.20000000000323,,detected,,,-1,model,local_inference,prediction
patch_0334935_1120711,positive,-112.0702039049342,33.49323592327768,4013,572,205.92000000001562,0.5451617240905762,0.58740234375,19.200000000000728,18.600000000000705,,detected,,,-1,model,local_inference,prediction
patch_0334879_1120776,positive,-112.07863315844433,33.48782716893168,4013,2469,888.8400000000673,0.5793704986572266,0.6181640625,39.00000000000148,28.20000000000107,,detected,,,-1,model,local_inference,prediction
patch_0334852_1120677,positive,-112.06765533748049,33.485027124406606,4013,5324,1916.6400000001452,0.930107831954956,0.99853515625,54.000000000002046,40.20000000000152,,detected,,,-1,model,local_inference,prediction
patch_0334821_1121106,positive,-112.11000692213129,33.481989881291284,4013,25762,9274.320000000704,0.9709440469741821,0.9990234375,104.40000000000396,96.00000000000364,,detected,,,-1,model,local_inference,prediction
patch_0334823_1120776,positive,-112.07677566054836,33.48333019386067,4013,2328,838.0800000000635,0.5640636086463928,0.60009765625,29.400000000001114,49.80000000000189,,detected,,,-1,model,local_inference,prediction
patch_0334824_1120709,positive,-112.07126779321997,33.482338934654805,4013,3037,1093.3200000000827,0.8782572150230408,0.99462890625,40.20000000000152,33.00000000000125,,detected,,,-1,model,local_inference,prediction
patch_0334764_1121205,positive,-112.12015378404008,33.476354598276394,4013,2787,1003.3200000000761,0.5970101356506348,0.77587890625,30.60000000000116,69.00000000000261,,detected,,,-1,model,local_inference,prediction
patch_0334765_1121172,positive,-112.11831490903262,33.47646861020857,4013,5753,2071.080000000157,0.701450765132904,0.9853515625,51.00000000000193,45.000000000001705,,detected,,,-1,model,local_inference,prediction
patch_0334768_1120742,positive,-112.07416117496727,33.477129735555096,4013,3967,1428.1200000001083,0.7182731628417969,0.85009765625,35.40000000000134,57.00000000000216,,detected,,,-1,model,local_inference,prediction
patch_0334742_1120642,positive,-112.06558988160961,33.475361132013624,4013,4483,1613.8800000001224,0.8092860579490662,0.99462890625,53.400000000002024,34.80000000000132,,detected,,,-1,model,local_inference,prediction
patch_0334682_1121071,positive,-112.1059436128356,33.468668132801106,4013,1271,457.5600000000347,0.6249274015426636,0.8271484375,49.200000000001864,17.40000000000066,,detected,,,-1,model,local_inference,prediction
patch_0334575_1120706,positive,-112.07163361653265,33.458024861870214,4013,6141,2210.7600000001676,0.9072138667106628,0.99462890625,40.20000000000152,60.000000000002274,,detected,,,-1,model,local_inference,prediction
patch_0334546_1120772,positive,-112.07812033418168,33.45398579074594,4013,5585,2010.6000000001522,0.7893588542938232,0.97802734375,37.20000000000141,58.80000000000223,,detected,,,-1,model,local_inference,prediction
patch_0334519_1120739,positive,-112.07291761242602,33.45167423574137,4013,3311,1191.9600000000903,0.6428652405738831,0.81005859375,54.60000000000207,30.60000000000116,,detected,,,-1,model,local_inference,prediction
patch_0334404_1121200,positive,-112.1198972376159,33.440841775113455,4013,1746,628.5600000000477,0.5555991530418396,0.62548828125,36.60000000000139,29.400000000001114,,detected,,,-1,model,local_inference,prediction
patch_0334406_1120969,positive,-112.09539570037941,33.4408847671956,4013,2920,1051.2000000000796,0.6350477337837219,0.7861328125,29.400000000001114,51.600000000001955,,detected,,,-1,model,local_inference,prediction
patch_0334406_1120936,positive,-112.09393655003309,33.44111140088391,4013,3381,1217.1600000000922,0.5841504335403442,0.74072265625,50.40000000000191,34.200000000001296,,detected,,,-1,model,local_inference,prediction
patch_0334408_1120770,positive,-112.07824918747104,33.4417060726304,4013,21607,7778.52000000059,0.9702081084251404,0.9990234375,84.6000000000032,98.40000000000373,,detected,,,-1,model,local_inference,prediction
patch_0334408_1120770,positive,-112.07705467635374,33.44167586793463,4013,22885,8238.600000000624,0.9716718792915344,1.0,94.20000000000357,91.80000000000348,,detected,,,-1,model,local_inference,prediction
patch_0334379_1120935,positive,-112.09312462163282,33.43710326188452,4013,1071,385.5600000000292,0.5618439316749573,0.64453125,36.000000000001364,17.40000000000066,,detected,,,-1,model,local_inference,prediction
patch_0335014_1120582,positive,-112.05813219902385,33.50142157269118,4013,27439,9878.040000000748,0.951655924320221,1.0,132.000000000005,106.80000000000405,,detected,,,-1,model,local_inference,prediction
patch_0334990_1120119,positive,-112.01260281704599,33.499372322606305,4013,7614,2741.040000000208,0.8254061937332153,0.99462890625,44.40000000000168,74.40000000000282,,detected,,,-1,model,local_inference,prediction
patch_0334879_1120118,positive,-112.01224838753623,33.48751058393319,4013,8474,3050.640000000231,0.968025803565979,1.0,67.80000000000257,47.400000000001796,,detected,,,-1,model,local_inference,prediction
patch_0334765_1120447,positive,-112.04622209381658,33.47704946363807,4013,3515,1265.400000000096,0.7607009410858154,0.9873046875,24.600000000000932,70.20000000000266,,detected,,,-1,model,local_inference,prediction
patch_0334741_1120083,positive,-112.00716374573291,33.472830087301354,4013,3015,1085.4000000000824,0.7837675213813782,0.9765625,51.00000000000193,27.600000000001046,,detected,,,-1,model,local_inference,prediction
patch_0334712_1120248,positive,-112.02393202552115,33.47110172078011,4013,716,257.76000000001955,0.5916325449943542,0.7470703125,18.600000000000705,24.00000000000091,,detected,,,-1,model,local_inference,prediction
patch_0334653_1120611,positive,-112.06125443576582,33.46534926781109,4013,1411,507.9600000000385,0.5424296259880066,0.58837890625,36.60000000000139,30.000000000001137,,detected,,,-1,model,local_inference,prediction
patch_0334603_1120015,positive,-112.00219868249891,33.460532129090645,4013,25486,9174.960000000696,0.9824773669242859,1.0,89.40000000000339,108.00000000000409,,detected,,,-1,model,local_inference,prediction
patch_0334517_1120312,positive,-112.03218159699972,33.45264238934385,4013,10753,3871.0800000002937,0.9082919359207153,0.9970703125,74.40000000000282,59.40000000000225,,detected,,,-1,model,local_inference,prediction
patch_0334489_1120312,positive,-112.03059305140316,33.44878368473136,4013,2828,1018.0800000000771,0.5737468600273132,0.60107421875,34.80000000000132,38.400000000001455,,detected,,,-1,model,local_inference,prediction
patch_0334492_1120047,positive,-112.0038654400299,33.448578162787065,4013,1324,476.64000000003614,0.5657265782356262,0.7275390625,21.60000000000082,49.80000000000189,,detected,,,-1,model,local_inference,prediction
patch_0334435_1120212,positive,-112.02020372846312,33.443596100894716,4013,8289,2984.0400000002264,0.6118341088294983,0.7626953125,118.8000000000045,59.40000000000225,,detected,,,-1,model,local_inference,prediction
patch_0334436_1120080,positive,-112.00807117246845,33.444677518535535,4013,9869,3552.8400000002694,0.85256427526474,0.99365234375,60.6000000000023,63.60000000000241,,detected,,,-1,model,local_inference,prediction
patch_0334392_1121495,positive,-112.15000122639356,33.44005756411121,4013,4940,1778.4000000001347,0.7159469127655029,0.9833984375,82.20000000000312,48.60000000000184,,detected,,,-1,model,local_inference,prediction
patch_0334366_1121297,positive,-112.12934375537392,33.437609353695,4013,669,240.84000000001825,0.5597432851791382,0.61767578125,37.20000000000141,9.600000000000364,,detected,,,-1,model,local_inference,prediction
patch_0334281_1121461,positive,-112.14524771088257,33.42779869294483,4013,3676,1323.3600000001004,0.5769733786582947,0.734375,79.200000000003,30.000000000001137,,detected,,,-1,model,local_inference,prediction
patch_0334282_1121395,positive,-112.1391133814404,33.42779295535539,4013,1510,543.6000000000412,0.64189612865448,0.83056640625,27.000000000001023,30.60000000000116,,detected,,,-1,model,local_inference,prediction
patch_0334254_1121394,positive,-112.13918979254558,33.42598483548506,4013,2189,788.0400000000596,0.7391898036003113,0.98583984375,42.00000000000159,29.400000000001114,,detected,,,-1,model,local_inference,prediction
patch_0334199_1121361,positive,-112.13632254777971,33.41989892051924,4013,2528,910.0800000000689,0.6306335926055908,0.76904296875,44.40000000000168,31.200000000001182,,detected,,,-1,model,local_inference,prediction
patch_0334199_1121328,positive,-112.13365066987853,33.41987737192981,4013,3729,1342.4400000001017,0.7203460335731506,0.9052734375,52.800000000002,35.40000000000134,,detected,,,-1,model,local_inference,prediction
patch_0334171_1121360,positive,-112.13547219228597,33.41654079135771,4013,54626,19665.360000001492,0.9291783571243286,0.9970703125,132.000000000005,170.40000000000646,,detected,,,-1,model,local_inference,prediction
patch_0334088_1121392,positive,-112.13806702366485,33.408437725445154,4013,3936,1416.9600000001074,0.6928545832633972,0.94921875,45.000000000001705,54.000000000002046,,detected,,,-1,model,local_inference,prediction
patch_0334088_1121359,positive,-112.13547175407552,33.40832622014216,4013,19260,6933.600000000526,0.6115721464157104,0.7744140625,126.6000000000048,87.60000000000332,,detected,,,-1,model,local_inference,prediction
patch_0334061_1121326,positive,-112.13216486597939,33.40608092706599,4013,1406,506.16000000003834,0.5599634647369385,0.7431640625,24.600000000000932,45.000000000001705,,detected,,,-1,model,local_inference,prediction
patch_0333976_1121490,positive,-112.14968202920107,33.39895530490987,4013,622,223.92000000001698,0.5549747943878174,0.63818359375,45.60000000000173,6.60000000000025,,detected,,,-1,model,local_inference,prediction
patch_0334990_1121404,positive,-112.14052525775847,33.49866390477943,4013,1487,535.3200000000405,0.6212950348854065,0.8505859375,18.600000000000705,54.000000000002046,,detected,,,-1,model,local_inference,prediction
patch_0334990_1121404,positive,-112.14158659216915,33.49783701307386,4013,2052,738.720000000056,0.5514501333236694,0.6103515625,33.00000000000125,50.40000000000191,,detected,,,-1,model,local_inference,prediction
patch_0334797_1121335,positive,-112.13401998990021,33.479258875415645,4013,3031,1091.1600000000828,0.6531807780265808,0.86865234375,35.40000000000134,43.20000000000164,,detected,,,-1,model,local_inference,prediction
patch_0334657_1121466,positive,-112.1469267066764,33.465638687853826,4013,1537,553.3200000000419,0.5688492655754089,0.6142578125,32.40000000000123,25.200000000000955,,detected,,,-1,model,local_inference,prediction
patch_0335359_1120609,positive,-112.06233960381266,33.53491465908344,4013,1429,514.4400000000389,0.6709694862365723,0.80078125,24.00000000000091,34.200000000001296,,detected,,,-1,model,local_inference,prediction
patch_0335301_1120939,positive,-112.09500457448996,33.53037948053074,4013,16115,5801.400000000439,0.9757159352302551,1.0,70.80000000000268,87.60000000000332,,detected,,,-1,model,local_inference,prediction
patch_0335302_1120773,positive,-112.07722101855566,33.52996996156305,4013,1159,417.2400000000316,0.7419170141220093,0.7919921875,18.600000000000705,25.800000000000978,,detected,,,-1,model,local_inference,prediction
patch_0335245_1120938,positive,-112.0942143160353,33.5235545988617,4013,593,213.4800000000162,0.6118493676185608,0.73388671875,22.800000000000864,13.800000000000523,,detected,,,-1,model,local_inference,prediction
patch_0335159_1121268,positive,-112.12658917741184,33.51604557508198,4013,1619,582.8400000000441,0.5787607431411743,0.71826171875,27.600000000001046,35.40000000000134,,detected,,,-1,model,local_inference,prediction
patch_0335132_1121234,positive,-112.12291793971946,33.5126562212252,4013,5032,1811.5200000001373,0.6382134556770325,0.7841796875,46.20000000000175,62.400000000002365,,detected,,,-1,model,local_inference,prediction
patch_0335136_1120738,positive,-112.07411688690671,33.51355168523752,4013,873,314.28000000002385,0.5815362334251404,0.6982421875,19.80000000000075,27.000000000001023,,detected,,,-1,model,local_inference,prediction
patch_0335104_1121201,positive,-112.12092849304261,33.50991985123154,4013,2798,1007.2800000000764,0.5784829258918762,0.6162109375,37.20000000000141,43.20000000000164,,detected,,,-1,model,local_inference,prediction
patch_0335105_1121102,positive,-112.10883318271978,33.51098923177948,4013,7341,2642.7600000002003,0.5889755487442017,0.64599609375,53.400000000002024,54.60000000000207,,detected,,,-1,model,local_inference,prediction
patch_0335278_1120346,positive,-112.0342886486046,33.527816956723406,4013,7454,2683.4400000002033,0.9231216907501221,0.99853515625,54.000000000002046,56.40000000000214,,detected,,,-1,model,local_inference,prediction
patch_0335112_1120378,positive,-112.03924091238675,33.51077821482253,4013,2980,1072.8000000000814,0.7298104166984558,0.87255859375,25.200000000000955,49.200000000001864,,detected,,,-1,model,local_inference,prediction
patch_0335115_1119981,positive,-111.99679512109509,33.51101340125323,4013,13394,4821.840000000366,0.8315309882164001,0.9912109375,69.60000000000264,87.60000000000332,,detected,,,-1,model,local_inference,prediction
patch_0335085_1120278,positive,-112.0280686918055,33.508071020335045,4013,1085,390.6000000000296,0.580609142780304,0.74267578125,27.000000000001023,36.60000000000139,,detected,,,-1,model,local_inference,prediction
patch_0335085_1120245,positive,-112.02597678059458,33.50898125136091,4013,1538,553.680000000042,0.5613799095153809,0.5966796875,26.400000000001,29.400000000001114,,detected,,,-1,model,local_inference,prediction
patch_0335086_1120146,positive,-112.01562815677978,33.509537324451216,4013,1149,413.64000000003136,0.7100943922996521,0.828125,20.400000000000773,25.800000000000978,,detected,,,-1,model,local_inference,prediction
patch_0335058_1120211,positive,-112.02198972836364,33.50639506911805,4013,6230,2242.8000000001703,0.919962465763092,0.9970703125,41.40000000000157,60.6000000000023,,detected,,,-1,model,local_inference,prediction
patch_0335241_1121374,positive,-112.13614326260192,33.52340703790038,4013,7679,2764.4400000002092,0.7477511763572693,0.9296875,46.80000000000177,68.40000000000259,,detected,,,-1,model,local_inference,prediction
patch_0335048_1121339,positive,-112.13458626969123,33.50386465005716,4013,2783,1001.880000000076,0.6531299352645874,0.84375,41.40000000000157,32.40000000000123,,detected,,,-1,model,local_inference,prediction
patch_0333737_1119759,positive,-111.97499244534521,33.37425624590672,4013,835,300.60000000002276,0.6831972599029541,0.8759765625,19.200000000000728,19.200000000000728,,detected,,,-1,model,local_inference,prediction
patch_0333629_1119427,positive,-111.94266698563939,33.363030620870475,4013,7348,2645.2800000002003,0.6918758749961853,0.8818359375,56.40000000000214,60.6000000000023,,detected,,,-1,model,local_inference,prediction
patch_0333572_1119658,positive,-111.964829566665,33.35604714425481,4013,7161,2577.9600000001956,0.6775046586990356,0.83740234375,61.80000000000234,47.400000000001796,,detected,,,-1,model,local_inference,prediction
patch_0333546_1119426,positive,-111.94328043518966,33.354735356034816,4013,2476,891.3600000000675,0.6474846005439758,0.796875,37.20000000000141,30.60000000000116,,detected,,,-1,model,local_inference,prediction
patch_0333547_1119360,positive,-111.93743993883378,33.35580779919556,4013,4515,1625.4000000001233,0.8621736168861389,0.9892578125,39.00000000000148,47.400000000001796,,detected,,,-1,model,local_inference,prediction
patch_0333653_1118606,positive,-111.86140300776901,33.36480351952984,4013,14835,5340.600000000404,0.9599383473396301,0.99853515625,77.40000000000293,72.60000000000275,,detected,,,-1,model,local_inference,prediction
patch_0333681_1119298,positive,-111.92827452897296,33.3677660105332,4013,4037,1453.32000000011,0.9005760550498962,0.98974609375,28.20000000000107,57.60000000000218,,detected,,,-1,model,local_inference,prediction
patch_0333542_1119362,positive,-111.93603391633401,33.35397845275448,4013,104697,37690.92000000286,0.9666647911071777,1.0,216.6000000000082,207.60000000000787,,detected,,,-1,model,local_inference,prediction
patch_0333542_1119329,positive,-111.93379585177429,33.35453917364689,4013,54648,19673.28000000149,0.8268671035766602,0.99609375,143.40000000000543,189.00000000000716,,detected,,,-1,model,local_inference,prediction
patch_0333545_1118966,positive,-111.89628812429828,33.354526069286585,4013,8572,3085.9200000002343,0.9421094655990601,0.9990234375,52.800000000002,64.80000000000246,,detected,,,-1,model,local_inference,prediction
patch_0334223_1118605,positive,-111.8612404383182,33.42157276789604,4013,8395,3022.200000000229,0.9045447111129761,0.99853515625,47.400000000001796,69.00000000000261,,detected,,,-1,model,local_inference,prediction
patch_0334113_1118505,positive,-111.84997294158417,33.41100310998863,4013,7511,2703.9600000002047,0.8508168458938599,0.99609375,72.60000000000275,43.20000000000164,,detected,,,-1,model,local_inference,prediction
patch_0333947_1118503,positive,-111.84938326043283,33.394171535915845,4013,18736,6744.960000000511,0.9756097197532654,1.0,99.00000000000375,72.00000000000273,,detected,,,-1,model,local_inference,prediction
patch_0333891_1118536,positive,-111.85370581340939,33.38890069327337,4013,2131,767.1600000000582,0.5873503088951111,0.72509765625,46.20000000000175,24.600000000000932,,detected,,,-1,model,local_inference,prediction
patch_0333862_1118668,positive,-111.86627776527824,33.38683291136805,4013,1911,687.9600000000522,0.6870548725128174,0.89697265625,27.000000000001023,30.60000000000116,,detected,,,-1,model,local_inference,prediction
patch_0334333_1120022,positive,-112.00234471021821,33.43338140307493,4013,5948,2141.280000000162,0.5949798226356506,0.8193359375,77.40000000000293,49.200000000001864,,detected,,,-1,model,local_inference,prediction
patch_0334334_1119890,positive,-111.9897171416628,33.433396236380354,4013,961,345.96000000002624,0.5245867967605591,0.56396484375,36.000000000001364,31.200000000001182,,detected,,,-1,model,local_inference,prediction
patch_0334282_1119460,positive,-111.94506438759915,33.42873615125648,4013,16921,6091.5600000004615,0.943354070186615,1.0,113.4000000000043,57.00000000000216,,detected,,,-1,model,local_inference,prediction
patch_0334250_1119955,positive,-111.99512532785985,33.42515449082639,4013,1877,675.7200000000512,0.5643844604492188,0.60888671875,25.800000000000978,52.800000000002,,detected,,,-1,model,local_inference,prediction
patch_0334195_1119955,positive,-111.99456201824181,33.41933349062028,4013,1908,686.8800000000521,0.6633198261260986,0.8564453125,36.60000000000139,30.60000000000116,,detected,,,-1,model,local_inference,prediction
patch_0334169_1119723,positive,-111.97240385911272,33.4163461208161,4013,4352,1566.7200000001187,0.902764618396759,0.9970703125,42.00000000000159,44.40000000000168,,detected,,,-1,model,local_inference,prediction
patch_0334169_1119690,positive,-111.96995808174205,33.41633821117071,4013,2912,1048.3200000000795,0.7434777617454529,0.98828125,37.20000000000141,33.60000000000127,,detected,,,-1,model,local_inference,prediction
patch_0334114_1119690,positive,-111.96903081494887,33.411867392913095,4013,3649,1313.6400000000995,0.9318733215332031,0.9990234375,42.00000000000159,34.200000000001296,,detected,,,-1,model,local_inference,prediction
patch_0334028_1119953,positive,-111.9965232449172,33.403183231701234,4013,11838,4261.680000000323,0.7418515682220459,0.93359375,75.60000000000286,60.000000000002274,,detected,,,-1,model,local_inference,prediction
patch_0334004_1119589,positive,-111.96025646146833,33.400549674507396,4013,7618,2742.480000000208,0.9473005533218384,1.0,54.60000000000207,57.00000000000216,,detected,,,-1,model,local_inference,prediction
patch_0333947_1119787,positive,-111.97899021916591,33.39343317766058,4013,3305,1189.8000000000902,0.7271625995635986,0.9208984375,70.20000000000266,30.60000000000116,,detected,,,-1,model,local_inference,prediction
patch_0333949_1119523,positive,-111.95174680469836,33.395549997926295,4013,1585,570.6000000000432,0.702226996421814,0.78271484375,24.00000000000091,29.400000000001114,,detected,,,-1,model,local_inference,prediction
patch_0333807_1119950,positive,-111.99609173006984,33.381478222644425,4013,5725,2061.000000000156,0.7749302983283997,0.9609375,55.800000000002115,40.20000000000152,,detected,,,-1,model,local_inference,prediction
patch_0333753_1119785,positive,-111.97801667982068,33.37505230950303,4013,3753,1351.0800000001022,0.6113824844360352,0.83837890625,46.20000000000175,76.20000000000289,,detected,,,-1,model,local_inference,prediction
patch_0334279_1119165,positive,-111.9165774564847,33.42697201418618,4013,17461,6285.960000000477,0.8574670553207397,0.99365234375,81.00000000000307,99.60000000000377,,detected,,,-1,model,local_inference,prediction
patch_0334279_1119099,positive,-111.91099876263074,33.427651681940226,4013,57176,20583.36000000156,0.9326642751693726,0.9990234375,103.20000000000391,240.0000000000091,,detected,,,-1,model,local_inference,prediction
patch_0334282_1118802,positive,-111.8805748964913,33.4282718736131,4013,982,353.5200000000268,0.7145752310752869,0.8466796875,16.800000000000637,25.200000000000955,,detected,,,-1,model,local_inference,prediction
patch_0334251_1119165,positive,-111.91670596169901,33.42538276538017,4013,27750,9990.000000000757,0.7285974025726318,0.9970703125,55.20000000000209,228.60000000000866,,detected,,,-1,model,local_inference,prediction
patch_0334252_1119099,positive,-111.91097219036094,33.42541689277704,4013,34242,12327.120000000934,0.7745274305343628,0.9912109375,102.60000000000389,249.60000000000946,,detected,,,-1,model,local_inference,prediction
patch_0334252_1119099,positive,-111.9095471202285,33.42398516328418,4013,776,279.36000000002116,0.5279742479324341,0.56298828125,16.800000000000637,25.800000000000978,,detected,,,-1,model,local_inference,prediction
patch_0334224_1119165,positive,-111.91672212627094,33.422622738544106,4013,19434,6996.24000000053,0.9627028107643127,1.0,92.4000000000035,85.80000000000325,,detected,,,-1,model,local_inference,prediction
patch_0334224_1119098,positive,-111.91083894752866,33.42316394561096,4013,34540,12434.400000000942,0.9271358847618103,0.9990234375,123.00000000000466,135.00000000000512,,detected,,,-1,model,local_inference,prediction
patch_0334195_1119263,positive,-111.92720020721666,33.41936014161004,4013,1301,468.3600000000355,0.8390897512435913,0.9853515625,24.00000000000091,24.00000000000091,,detected,,,-1,model,local_inference,prediction
patch_0334143_1118833,positive,-111.88351987536366,33.415406486774536,4013,6469,2328.8400000001766,0.9281923770904541,0.9970703125,54.60000000000207,55.800000000002115,,detected,,,-1,model,local_inference,prediction
patch_0334115_1118800,positive,-111.87862403649385,33.410798093749804,4013,5424,1952.640000000148,0.9280152320861816,0.9970703125,40.800000000001546,53.400000000002024,,detected,,,-1,model,local_inference,prediction
patch_0333946_1119261,positive,-111.92526381420359,33.39467338720791,4013,4040,1454.4000000001101,0.8473884463310242,0.9716796875,47.400000000001796,33.00000000000125,,detected,,,-1,model,local_inference,prediction
patch_0333946_1119195,positive,-111.91976729548273,33.393458757157546,4013,7392,2661.120000000202,0.6914397478103638,0.96240234375,70.20000000000266,45.000000000001705,,detected,,,-1,model,local_inference,prediction
patch_0333866_1118797,positive,-111.8803706887801,33.386606566320125,4013,2515,905.4000000000686,0.7295005321502686,0.9345703125,35.40000000000134,36.60000000000139,,detected,,,-1,model,local_inference,prediction
patch_0335017_1119527,positive,-111.95241780361405,33.502447116985685,4013,594,213.8400000000162,0.5741118788719177,0.62451171875,22.800000000000864,12.600000000000477,,detected,,,-1,model,local_inference,prediction
patch_0335017_1119494,positive,-111.95005853730092,33.50141540116494,4013,7751,2790.360000000211,0.8372637033462524,0.9775390625,48.60000000000184,76.20000000000289,,detected,,,-1,model,local_inference,prediction
patch_0334906_1119592,positive,-111.9587739376162,33.49073631778102,4013,14520,5227.200000000396,0.959503173828125,1.0,93.60000000000355,75.00000000000284,,detected,,,-1,model,local_inference,prediction
patch_0334906_1119559,positive,-111.95626008290762,33.49118866344373,4013,2144,771.8400000000585,0.5655030012130737,0.75,27.600000000001046,34.200000000001296,,detected,,,-1,model,local_inference,prediction
patch_0334875_1119922,positive,-111.99076858969345,33.487259384302206,4013,4562,1642.3200000001243,0.9107252359390259,0.99462890625,33.60000000000127,52.20000000000198,,detected,,,-1,model,local_inference,prediction
patch_0334851_1119426,positive,-111.9417985421376,33.48425363258568,4013,43122,15523.920000001175,0.9647417664527893,1.0,159.00000000000603,107.40000000000407,,detected,,,-1,model,local_inference,prediction
patch_0334824_1119426,positive,-111.94177473409898,33.483247271350486,4013,46826,16857.360000001278,0.9234815239906311,0.9990234375,156.60000000000593,115.80000000000439,,detected,,,-1,model,local_inference,prediction
patch_0334794_1119690,positive,-111.96913731790485,33.47862052308035,4013,9410,3387.600000000257,0.9570298194885254,1.0,54.60000000000207,66.60000000000252,,detected,,,-1,model,local_inference,prediction
patch_0334628_1119721,positive,-111.9722188323667,33.46282995605483,4013,3133,1127.8800000000854,0.5628436803817749,0.63525390625,44.40000000000168,34.80000000000132,,detected,,,-1,model,local_inference,prediction
patch_0334628_1119622,positive,-111.96289920606675,33.46256177197223,4013,1681,605.1600000000459,0.6028103828430176,0.72705078125,34.80000000000132,34.80000000000132,,detected,,,-1,model,local_inference,prediction
patch_0334630_1119391,positive,-111.93960394186368,33.46312204442027,4013,3813,1372.680000000104,0.9146071076393127,0.99755859375,45.60000000000173,37.80000000000143,,detected,,,-1,model,local_inference,prediction
patch_0334600_1119721,positive,-111.97247076482135,33.461107117712196,4013,9889,3560.04000000027,0.9296786189079285,0.99853515625,68.40000000000259,55.20000000000209,,detected,,,-1,model,local_inference,prediction
patch_0334602_1119423,positive,-111.94090561309847,33.45960008403729,4013,7563,2722.6800000002063,0.9110519886016846,0.9951171875,41.40000000000157,71.4000000000027,,detected,,,-1,model,local_inference,prediction
patch_0334572_1119787,positive,-111.97795241196752,33.45595281813129,4013,2777,999.7200000000757,0.6004157066345215,0.7705078125,43.20000000000164,33.00000000000125,,detected,,,-1,model,local_inference,prediction
patch_0334544_1119786,positive,-111.9777747547619,33.45335398440335,4013,7705,2773.8000000002103,0.7491658926010132,0.8017578125,78.00000000000296,42.00000000000159,,detected,,,-1,model,local_inference,prediction
patch_0334487_1119951,positive,-111.99412225412705,33.44981472908891,4013,9488,3415.680000000259,0.8768470883369446,0.99609375,64.20000000000243,63.60000000000241,,detected,,,-1,model,local_inference,prediction
patch_0334490_1119587,positive,-111.95992496380497,33.44869885377404,4013,2372,853.9200000000648,0.6081600785255432,0.75146484375,39.6000000000015,32.40000000000123,,detected,,,-1,model,local_inference,prediction
patch_0334432_1119917,positive,-111.99141890337904,33.443421021313334,4013,2060,741.6000000000562,0.7214661240577698,0.79443359375,28.80000000000109,27.000000000001023,,detected,,,-1,model,local_inference,prediction
patch_0334405_1119785,positive,-111.9778748914342,33.44099327025659,4013,8606,3098.160000000235,0.9225855469703674,0.99853515625,64.80000000000246,61.20000000000232,,detected,,,-1,model,local_inference,prediction
patch_0334407_1119620,positive,-111.96311196137427,33.440343077577474,4013,4193,1509.4800000001144,0.9072960615158081,0.99853515625,45.60000000000173,43.80000000000166,,detected,,,-1,model,local_inference,prediction
patch_0334378_1119718,positive,-111.97183616823828,33.43836744538188,4013,2220,799.2000000000605,0.5558364987373352,0.6435546875,68.40000000000259,24.00000000000091,,detected,,,-1,model,local_inference,prediction
patch_0335014_1119331,positive,-111.93331942400202,33.5017401521461,4013,1145,412.20000000003125,0.6330210566520691,0.8203125,35.40000000000134,19.200000000000728,,detected,,,-1,model,local_inference,prediction
patch_0334988_1119067,positive,-111.90708421923986,33.499529589224075,4013,1270,457.20000000003466,0.6396988034248352,0.80615234375,28.20000000000107,24.600000000000932,,detected,,,-1,model,local_inference,prediction
patch_0334933_1118934,positive,-111.89233128134673,33.493857200929604,4013,9686,3486.9600000002642,0.9516279697418213,0.9990234375,63.00000000000239,60.6000000000023,,detected,,,-1,model,local_inference,prediction
patch_0334847_1119396,positive,-111.94041370631678,33.48399357341307,4013,63200,22752.000000001728,0.9768931865692139,1.0,150.6000000000057,155.4000000000059,,detected,,,-1,model,local_inference,prediction
patch_0334738_1119097,positive,-111.90941194250904,33.4734992807907,4013,8913,3208.6800000002436,0.9548530578613281,1.0,51.600000000001955,71.4000000000027,,detected,,,-1,model,local_inference,prediction
patch_0334516_1119194,positive,-111.91838875880138,33.450653172401644,4013,11430,4114.800000000312,0.6708974242210388,0.94775390625,58.200000000002206,81.60000000000309,,detected,,,-1,model,local_inference,prediction
patch_0334406_1119127,positive,-111.91236397155807,33.43969864142936,4013,51652,18594.72000000141,0.9664325714111328,1.0,176.40000000000668,114.60000000000434,,detected,,,-1,model,local_inference,prediction
patch_0335312_1119523,positive,-111.95230504587863,33.531951384156635,4013,1771,637.5600000000484,0.6122925281524658,0.7548828125,33.00000000000125,37.80000000000143,,detected,,,-1,model,local_inference,prediction
patch_0335313_1119457,positive,-111.94584984537929,33.531649110367496,4013,15198,5471.2800000004145,0.9752516746520996,1.0,81.60000000000309,71.4000000000027,,detected,,,-1,model,local_inference,prediction
patch_0335281_1119953,positive,-111.99544944495456,33.52804053592128,4013,637,229.3200000000174,0.6402854323387146,0.82666015625,17.40000000000066,18.600000000000705,,detected,,,-1,model,local_inference,prediction
patch_0335257_1119589,positive,-111.95854765638619,33.52557450904612,4013,5830,2098.8000000001593,0.5885906219482422,0.9296875,61.80000000000234,94.80000000000359,,detected,,,-1,model,local_inference,prediction
patch_0335061_1119785,positive,-111.97902146795933,33.50623341317043,4013,1540,554.400000000042,0.7309325933456421,0.79052734375,26.400000000001,28.20000000000107,,detected,,,-1,model,local_inference,prediction
patch_0335006_1119685,positive,-111.96840492012852,33.50042645809163,4013,4741,1706.7600000001294,0.5755101442337036,0.64990234375,54.60000000000207,72.00000000000273,,detected,,,-1,model,local_inference,prediction
patch_0335373_1118865,positive,-111.88706905476344,33.538015124775576,4013,1435,516.6000000000391,0.8191545605659485,0.98193359375,24.600000000000932,27.000000000001023,,detected,,,-1,model,local_inference,prediction
patch_0335232_1119162,positive,-111.91633719472512,33.52313685185424,4013,2093,753.4800000000571,0.5749223828315735,0.6484375,36.000000000001364,46.20000000000175,,detected,,,-1,model,local_inference,prediction
patch_0335207_1118798,positive,-111.87866582387207,33.519881522115405,4013,1916,689.7600000000523,0.6791003346443176,0.79345703125,29.400000000001114,29.400000000001114,,detected,,,-1,model,local_inference,prediction
patch_0335179_1118863,positive,-111.88639263376189,33.51732363927793,4013,19838,7141.6800000005405,0.9614013433456421,0.9990234375,89.40000000000339,84.00000000000318,,detected,,,-1,model,local_inference,prediction
patch_0335150_1119062,positive,-111.9064986024757,33.516155351850024,4013,5579,2008.4400000001524,0.762421190738678,0.984375,55.800000000002115,40.800000000001546,,detected,,,-1,model,local_inference,prediction
patch_0335121_1119194,positive,-111.91792023908785,33.511831323411975,4013,5177,1863.7200000001412,0.79716956615448,0.98681640625,37.80000000000143,71.4000000000027,,detected,,,-1,model,local_inference,prediction
